{"cameraMode":{"drawMode":0,"name":"Shaded","section":"Shading Mode"},"sceneLighting":false,"audioPlay":false,"sceneViewState":{"showFog":true,"showMaterialUpdate":false,"showSkybox":false,"showFlares":true,"showImageEffects":true,"showParticleSystems":true,"showVisualEffectGraphs":true,"m_FxEnabled":true},"in2DMode":false,"pivot":{"x":-1.199642539024353,"y":-0.24760079383850099,"z":0.35684287548065188},"rotation":{"x":-0.4185667037963867,"y":0.02232569456100464,"z":-0.010307082906365395,"w":-0.9078688025474548},"size":2.9262938499450685,"orthographic":false}