{"cameraMode":{"drawMode":0,"name":"Shaded","section":"Shading Mode"},"sceneLighting":false,"audioPlay":false,"sceneViewState":{"showFog":true,"showMaterialUpdate":false,"showSkybox":false,"showFlares":true,"showImageEffects":true,"showParticleSystems":true,"showVisualEffectGraphs":true,"m_FxEnabled":true},"in2DMode":false,"pivot":{"x":0.9173961281776428,"y":0.9558669328689575,"z":0.11398427188396454},"rotation":{"x":0.31776052713394167,"y":-0.04880661144852638,"z":0.016380369663238527,"w":0.9467790722846985},"size":1.343036413192749,"orthographic":false}