{"cameraMode":{"drawMode":0,"name":"Shaded","section":"Shading Mode"},"sceneLighting":false,"audioPlay":false,"sceneViewState":{"showFog":true,"showMaterialUpdate":false,"showSkybox":false,"showFlares":true,"showImageEffects":true,"showParticleSystems":true,"showVisualEffectGraphs":true,"m_FxEnabled":true},"in2DMode":false,"pivot":{"x":0.4340483546257019,"y":1.3580052852630616,"z":0.3718991279602051},"rotation":{"x":0.3548666834831238,"y":0.033019982278347018,"z":-0.012509621679782868,"w":0.9342722296714783},"size":2.7247447967529299,"orthographic":false}